{"cameraMode":{"drawMode":0,"name":"Shaded","section":"Shading Mode"},"sceneLighting":false,"audioPlay":false,"sceneViewState":{"showFog":false,"showMaterialUpdate":false,"showSkybox":false,"showFlares":false,"showImageEffects":false,"showParticleSystems":true},"in2DMode":false,"pivot":{"x":1285.4481201171875,"y":578.8513793945313,"z":-51.9910888671875},"rotation":{"x":0.17437434196472169,"y":-0.0767243281006813,"z":0.013629648834466935,"w":0.9815911650657654},"size":1889.405029296875,"orthographic":false}