{"cameraMode":{"drawMode":0,"name":"Shaded","section":"Shading Mode"},"sceneLighting":false,"audioPlay":false,"sceneViewState":{"showFog":false,"showMaterialUpdate":false,"showSkybox":false,"showFlares":false,"showImageEffects":false,"showParticleSystems":true},"in2DMode":false,"pivot":{"x":948.7613525390625,"y":919.3093872070313,"z":-163.21923828125},"rotation":{"x":-0.01183403842151165,"y":0.9739848375320435,"z":-0.22016525268554688,"w":-0.052352555096149448},"size":1585.4130859375,"orthographic":false}